Workbook

Sheet Übersicht
A1: Freiwerdende Personalkapazität nach dem Umstieg auf Odoo
A2: biotec GmbH · Schätzung, Stand 01.09.2026 · CertoClav Sterilizer GmbH. Alle Mengen und Zeiten sind Eingabewerte im Blatt „Annahmen“ bzw. „Tätigkeiten“ und mit Quelle hinterlegt.
A3: Zeitaufnahmen der heutigen Abläufe liegen nicht vor. Die Minutenwerte sind Schätzungen und in einem Termin mit Michael Brand und Nicole Krupa zu bestätigen. Konservativ gerechnet: Der Wert nachher ist nie null, weil auch ein System bedient werden muss.
A5: Kennzahl | B5: Wert | C5: Einheit | D5: Hinweis
A6: Gebundene Stunden je Jahr heute | B6: =Tätigkeiten!H20 | C6: Stunden | D6: Summe aus Blatt Tätigkeiten | J6: =Tätigkeiten!J20
A7: Gebundene Stunden je Jahr nach Odoo | B7: =Tätigkeiten!I20 | C7: Stunden
A8: Freiwerdende Stunden je Jahr | B8: =Tätigkeiten!J20 | C8: Stunden | D8: Differenz
A9: Entspricht Vollzeitstellen | B9: =$J$6/Annahmen!C16 | C9: VZÄ | D9: bei den im Blatt Annahmen genannten Jahresstunden
A10: Bewertet mit dem Vollkostensatz | B10: =$J$6*Annahmen!C15 | C10: EUR je Jahr | D10: Vollkostensatz ist eine Annahme – bitte ersetzen
A11: Anteil der freiwerdenden Zeit | B11: =Tätigkeiten!J20/Tätigkeiten!H20 | C11: Prozent | D11: gemessen an den heute gebundenen Stunden
A13: Lesart: Die Zahl ist keine Personaleinsparung. biotec baut ein zweites Dozententeam auf – die Zeit fließt in Wachstum. Das Blatt „Verwendung“ nennt die vorgesehenen Ziele.
A14: Empfindlichkeit: Die stärksten Treiber sind die Zahl der Anlagenprüfungen je Jahr (Annahme A3) und der Vollkostensatz (A11). Beide sind noch nicht belegt. Wer die Zahl belastbar braucht, klärt zuerst diese zwei Werte.

Sheet Annahmen
A1: Annahmen und Mengen
A2: Jede Zeile ist ein Eingabewert. Quelle oder Annahme steht daneben. Werte, die als Annahme gekennzeichnet sind, sollten vor der Verwendung gegenüber der Gruppe bestätigt werden.
A4: Nr. | B4: Größe | C4: Wert | D4: Einheit | E4: Quelle bzw. Annahme
A5: A1 | B5: Anlagen im Bestand des Altsystems | C5: 938 | D5: Stück | E5: Datenbank `bt_kunden_anlagen`, Stand 22.08.2026 – Testdatensätze noch enthalten
A6: A2 | B6: Prüfturnus im Mittel | C6: 2 | D6: Jahre | E6: VDI 6022: je nach Anlagenart ein- bis dreijährig. Konservativ mittig angesetzt
A7: A3 | B7: Anlagenprüfungen je Jahr | C7: =$C$5/$C$6 | D7: Stück | E7: abgeleitet aus A1 und A2. Zum Vergleich: bei Volllast nennt biotec 100 Anlagen je Woche
A8: A4 | B8: Gutachten je Jahr | C8: 260 | D8: Stück | E8: Schätzung: mehrere Anlagen je Gutachten. Mit Michael Brand zu bestätigen
A9: A5 | B9: Rechnungen je Jahr | C9: 520 | D9: Stück | E9: Schätzung: Prüf- und Schulungsgeschäft. Aus den Ausgangsrechnungen Mai bis August belegbar
A10: A6 | B10: Kurse je Jahr | C10: 40 | D10: Stück | E10: Schätzung: bundesweite VDI-Seminare. Aus Kurskatalog und Seminarkalender zu bestätigen
A11: A7 | B11: Teilnehmer je Kurs | C11: 12 | D11: Personen | E11: Durchführung ab 10 Teilnehmern (Discovery Call)
A12: A8 | B12: Neukunden je Jahr | C12: 60 | D12: Stück | E12: Schätzung aus 10.387 Interessenten und 243 Kunden. Zu bestätigen
A13: A9 | B13: Monatsabschlüsse je Jahr | C13: 12 | D13: Stück | E13: Standard
A14: A10 | B14: Meldungen an LucaNet je Jahr | C14: 12 | D14: Stück | E14: Melderhythmus der Certania-Gruppe noch offen (Frage 46)
A15: A11 | B15: Vollkostensatz je Stunde | C15: 55 | D15: EUR | E15: **Annahme.** Interne Stunden- und Kostensätze sind noch nicht geliefert (Position K3). Wert bitte durch den tatsächlichen ersetzen
A16: A12 | B16: Arbeitsstunden je Vollzeitstelle und Jahr | C16: 1600 | D16: Stunden | E16: Netto nach Urlaub, Feiertagen und Krankheit

Sheet Tätigkeiten
A1: Tätigkeiten: heute gebundene und künftig benötigte Zeit
A2: Rechenweg je Zeile: Menge × Minuten ÷ 60 = Stunden je Jahr. Nur Tätigkeiten, die einem konkreten Arbeitsschritt zugeordnet sind – kein pauschaler Effizienzgewinn.
A4: Tätigkeit | B4: Mengenbezug | C4: Menge je Jahr | D4: Min heute | E4: Min nachher | F4: Rolle | G4: Begründung | H4: Std heute | I4: Std nachher | J4: Std frei
A5: Anlagenliste erstellen und ausdrucken | B5: je Prüfung | C5: =Annahmen!$C$7 | D5: 25 | E5: 5 | F5: Projektleitung / Labor | G5: Heute in einer Zusatzsoftware erstellt und auf Papier ausgedruckt. Künftig aus dem Anlagenstamm in Odoo erzeugt | H5: =C5*D5/60 | I5: =C5*E5/60 | J5: =H5-I5
A6: Ergebnisse aus dem Papierdokument zurückführen | B6: je Prüfung | C6: =Annahmen!$C$7 | D6: 20 | E6: 5 | F6: Labor | G6: Auszählung und Fotos werden heute manuell am Datensatz hinterlegt | H6: =C6*D6/60 | I6: =C6*E6/60 | J6: =H6-I6
A7: Fotos zuordnen | B7: je Prüfung | C7: =Annahmen!$C$7 | D7: 12 | E7: 4 | F7: Labor / Probenehmer | G7: Fotos vom Pixel 8 werden heute per Hand dem Datensatz zugeordnet; keine Anbindung im Altsystem vorhanden | H7: =C7*D7/60 | I7: =C7*E7/60 | J7: =H7-I7
A8: Wiederholungsprüfungen terminieren und nachverfolgen | B8: je Prüfung | C8: =Annahmen!$C$7 | D8: 15 | E8: 2 | F8: Projektleitung | G8: Heute außerhalb des Systems in einer Ordnerstruktur. Der Anlagenstamm kennt kein Intervall- und kein Fälligkeitsfeld | H8: =C8*D8/60 | I8: =C8*E8/60 | J8: =H8-I8
A9: Angebot schreiben | B9: je Prüfung | C9: =Annahmen!$C$7 | D9: 18 | E9: 6 | F9: Kaufmännisch | G9: Künftig aus der fälligen Wartungsanfrage heraus mit Preis aus der Preisliste | H9: =C9*D9/60 | I9: =C9*E9/60 | J9: =H9-I9
A10: Rechnung erstellen und versenden | B10: je Rechnung | C10: =Annahmen!$C$9 | D10: 15 | E10: 4 | F10: Kaufmännisch | G10: Heute manuell nach Fertigstellung des Gutachtens angestoßen | H10: =C10*D10/60 | I10: =C10*E10/60 | J10: =H10-I10
A11: Zahlungseingänge zuordnen und Mahnungen schreiben | B11: je Rechnung | C11: =Annahmen!$C$9 | D11: 8 | E11: 2 | F11: Buchhaltung | G11: Künftig über Bankabgleich und Mahnstufen | H11: =C11*D11/60 | I11: =C11*E11/60 | J11: =H11-I11
A12: Stammdaten mehrfach pflegen | B12: je Neukunde | C12: =Annahmen!$C$12 | D12: 20 | E12: 6 | F12: Kaufmännisch | G12: Heute getrennt in Altsystem, Excel und Buchhaltung. Künftig einmal in Odoo, das Altsystem liest über die Stammdatenbrücke | H12: =C12*D12/60 | I12: =C12*E12/60 | J12: =H12-I12
A13: Kursorganisation: Anmeldung, Bestätigung, Erinnerung | B13: je Teilnehmer | C13: =Annahmen!$C$10*Annahmen!$C$11 | D13: 9 | E13: 2 | F13: Kaufmännisch | G13: Heute vollständig außerhalb eines Systems – im Altsystem gibt es keine Schulungsfunktion | H13: =C13*D13/60 | I13: =C13*E13/60 | J13: =H13-I13
A14: Teilnehmerliste und Bescheinigungen | B14: je Kurs | C14: =Annahmen!$C$10 | D14: 90 | E14: 20 | F14: Kaufmännisch | G14: Künftig aus dem Kurs erzeugt | H14: =C14*D14/60 | I14: =C14*E14/60 | J14: =H14-I14
A15: Belege für die Buchhaltung aufbereiten | B15: je Monat | C15: =Annahmen!$C$13 | D15: 240 | E15: 60 | F15: Buchhaltung | G15: Künftig DATEV-Export aus Odoo | H15: =C15*D15/60 | I15: =C15*E15/60 | J15: =H15-I15
A16: Monatsabschluss und Auswertungen zusammenstellen | B16: je Monat | C16: =Annahmen!$C$13 | D16: 300 | E16: 120 | F16: Buchhaltung / GF | G16: Voraussichtlich heute in Excel | H16: =C16*D16/60 | I16: =C16*E16/60 | J16: =H16-I16
A17: Meldung an die Gruppe aufbereiten | B17: je Meldung | C17: =Annahmen!$C$14 | D17: 180 | E17: 30 | F17: Buchhaltung | G17: Nach Einrichtung der LucaNet-Lieferung nahe null. Option O2 im Angebot | H17: =C17*D17/60 | I17: =C17*E17/60 | J17: =H17-I17
A18: Auskunft geben: Wo steht der Auftrag, was ist fällig | B18: je Prüfung | C18: =Annahmen!$C$7 | D18: 6 | E18: 1 | F18: alle | G18: Heute Rückfragen an einzelne Personen, künftig im System sichtbar | H18: =C18*D18/60 | I18: =C18*E18/60 | J18: =H18-I18
A20: Summe | H20: =SUM(H5:H18) | I20: =SUM(I5:I18) | J20: =SUM(J5:J18)

Sheet Rollen
A1: Verteilung auf die Rollen
A2: Die Stellenzahlen sind aus den 17 Benutzerkonten des Altsystems und dem Discovery Call abgeleitet. Ein Organigramm liegt nicht vor – die Zuordnung ist mit biotec zu bestätigen.
A4: Rolle | B4: Personen (geschätzt) | C4: Namentlich bekannt | D4: Aufgaben heute | E4: Freiwerdende Stunden je Jahr
A5: Projektleitung Hygieneinspektion | B5: 2 | C5: Michael Brand, Stephan Krol | D5: Anlagenlisten, Terminierung, Kundenorganisation, Gutachtenübergabe | E5: =SUMIF(Tätigkeiten!$F$5:$F$18,A5,Tätigkeiten!$J$5:$J$18)
A6: Labor und Probenahme | B6: 8 | C6: 10 Probennehmer mit Laboreingabe, 2 Praktikanten | D6: Probenahme vor Ort, Bebrütung, Auszählung, Fotodokumentation | E6: =SUMIF(Tätigkeiten!$F$5:$F$18,A6,Tätigkeiten!$J$5:$J$18)
A7: Kaufmännisch und Organisation | B7: 1 | C7: Nicole Krupa | D7: Rechnungen, Schulungen, Werbung | E7: =SUMIF(Tätigkeiten!$F$5:$F$18,A7,Tätigkeiten!$J$5:$J$18)
A8: Buchhaltung | B8: 1 | C8: Annette Krupa | D8: Belege, Abschlüsse, Meldungen | E8: =SUMIF(Tätigkeiten!$F$5:$F$18,A8,Tätigkeiten!$J$5:$J$18)
A9: Laborkoordination und Prozesse | B9: 1 | C9: Melanie Frank | D9: Laborkoordination, übergeordnete Prozesse, Hygieneinspektion | E9: =SUMIF(Tätigkeiten!$F$5:$F$18,A9,Tätigkeiten!$J$5:$J$18)
A10: IT | B10: 0 | C10: Westbomke EDV (extern) | D10: Betrieb, Altsystem | E10: =SUMIF(Tätigkeiten!$F$5:$F$18,A10,Tätigkeiten!$J$5:$J$18)
A12: Nicht eindeutig zugeordnet | D12: übergreifende Tätigkeiten | E12: =Tätigkeiten!J20-SUM(E5:E10)
A14: Die Zuordnung folgt der Spalte „Rolle“ im Blatt Tätigkeiten. Wo die Bezeichnungen nicht genau übereinstimmen, erscheint der Rest in der Zeile „nicht eindeutig zugeordnet“. Für eine belastbare Rollenrechnung sind die Bezeichnungen mit dem Organigramm abzugleichen.

Sheet Verwendung
A1: Wohin die freie Kapazität fließen soll
A2: Bewusst keine Personaleinsparung. Diese Darstellung ist im IT-Spend-Meeting stärker und im Betrieb ehrlicher: mehr Geschäft mit demselben Team.
A4: Ziel | B4: Art des Hebels | C4: Begründung
A5: Zweites Dozententeam aufbauen | B5: Wachstum | C5: biotec baut ein zweites Dozententeam auf. Freie Zeit in der Kursorganisation trägt zusätzliche Kurse ohne Neueinstellung
A6: Wiederholungsprüfungen konsequent nachfassen | B6: Umsatz | C6: Der stärkste Hebel: jede nicht terminierte Wiederholungsprüfung ist ein verlorener Auftrag. 938 Anlagen im Bestand, systematische Fälligkeitsverfolgung erstmals möglich
A7: Akquise aus dem Interessentenbestand | B7: Umsatz | C7: 10.387 Interessenten liegen im Altsystem und werden heute kaum systematisch bearbeitet
A8: Analytik Mittweida ausbauen | B8: Wachstum | C8: Zweiter Geschäftszweig mit 2–3 Personen; Kapazität in der Verwaltung entlastet den Standort
A9: Vertretbarkeit bei Personalausfall | B9: Risiko | C9: Nicht monetär, aber im Betrieb wertvoll: Abläufe im System statt in Köpfen
